	5% p-val	5% stats	95% p-val	95% stats	Median p-val	Median stats
CTCF|CTCFL	10.379778418951911	146.975	15.887887081586499	578.1749999999998	13.144242603082947	325.875
ZIC4|ZIC1|ZIC3	1.2081782248126325	323.2583333333334	6.181211601124356	887.6833333333334	3.7310291667510866	558.3333333333334
