	5% p-val	5% stats	95% p-val	95% stats	Median p-val	Median stats
CTCF|CTCFL	10.2811601117185	146.9375	15.715092251025657	589.0374999999999	13.183014601867288	329.125
ZIC4|ZIC3|ZIC1	1.1989125595823833	323.225	6.138222210950333	874.375	3.7289449128551553	557.1666666666666
