	5% p-val	5% stats	95% p-val	95% stats	Median p-val	Median stats
CTCF$MA0139.1|CTCFL$MA1102.1|CTCFL$MA1102.2	21.126099177874632	607.2083333333334	28.133387333269713	1633.608333333333	24.66590238645574	1066.0833333333333
