	5% p-val	5% stats	95% p-val	95% stats	Median p-val	Median stats
CTCF|CTCFL	21.182622883196675	600.7833333333334	28.21890884040857	1602.675	24.69576011846037	1052.5833333333333
